{"Backup Storage": {"x": -19.250014533798137, "y": 179.67521115531255}, "Detection": {"x": 1200, "y": 50}, "F1": {"x": 600, "y": -100}, "F2": {"x": 600, "y": 0}, "F3": {"x": 600, "y": 100}, "F4": {"x": 600, "y": 200}, "Gateway": {"x": 335.1693081479274, "y": -89.73860795762005}, "RabbitMQ": {"x": 950, "y": 50}, "Recovery": {"x": 302.31699872933063, "y": 182.93285800895305}}
