{"Backup Storage": {"x": 1220.4787859000917, "y": -59.994238598402774}, "Detection": {"x": 1215.4443193717148, "y": 135.90902650516355}, "F1": {"x": 600, "y": -100}, "F2": {"x": 600, "y": 0}, "F3": {"x": 600, "y": 100}, "F4": {"x": 600, "y": 200}, "Gateway": {"x": 180.3831554977662, "y": 44.372143747355494}, "RabbitMQ": {"x": 1035.9090265051639, "y": 136.87429646589564}, "Recovery": {"x": 1044.3376673095, "y": -57.71404211478979}}